<?xml version="1.0" encoding="utf-8" ?> 
<component name="DetailsScreen" extends="Group" initialFocus="Buttons" xsi:noNamespaceSchemaLocation="https://devtools.web.roku.com/schema/RokuSceneGraph.xsd">
    <interface>
        <!-- Content fields. -->
        <field id="content" type="node" />
        <field id="jumpToItem" type="integer" onChange="OnJumpToItem" value="0" alwaysNotify="true" />
        <field id="itemFocused" type="integer" alwaysNotify="true" />     
    </interface>
    <children>
        <!-- https://developer.roku.com/docs/references/scenegraph/media-playback-nodes/video.md -->
        <Video 
            id="videoBackground"
            width="1920" height="1080"
            translation="[0,0]"
            loop="true"
            enableUI="false"/>
            
        <Group>
            <LayoutGroup
                translation="[650, 250]"
                layoutDirection="vert"
                horizAlignment="center"
                itemSpacings="[10]">


                <Label
                    id="titleLabel"
                    width="600"
                    wrap="true"
                    horizAlign="center"
                    font="font:MediumBoldSystemFont"
                />

                <!-- MaskGroup used to animate Tile with a fade in effect on render. -->
                <!-- https://github.com/rokudev/samples/tree/master/ux%20components/control/MaskGroupExample -->
                <MaskGroup
                    id = "maskGroup" 
                    maskuri = "pkg:/images/gradient_linear.png">

                    <Poster
                        id="poster"
                        width="500"
                        loadWidth="500"
                        height="281"
                        loadHeight="281"
                        loadDisplayMode="scaleToFit"
                        />
                </MaskGroup>

                <Label
                    id="descriptionLabel"
                    width="500"
                    wrap="false"
                    horizAlign="center"
                    font="font:SmallBoldSystemFont"
                />
                
                <!-- Animation used for the fade-in effect on the MaskGroup. -->
                <Animation 
                    id = "MaskGroupAnimation" 
                    duration = "1" 
                    easeFunction = "linear" 
                    repeat = "false" >

                    <Vector2DFieldInterpolator 
                        id = "interpolator" 
                        fieldToInterp = "maskGroup.maskOffset" 
                        key = "[ 0.0, 0.5, 1.0 ]" 
                        keyValue = "[ [-512,0], [512,0], [512,0] ]" />

                </Animation>
            </LayoutGroup>
        </Group>
    </children>
    <script type="text/brightscript" uri="DetailsScreen.brs" />
    <script type="text/brightscript" uri="pkg:/source/lib/utils.brs" />
</component>