<component name="GridScreen" extends="Group"  initialFocus="RowList">
    <interface>
        <!-- Specifies the content for the Grid -->
        <field id="content" type="node" alias="RowList.content" />
        <field id="rowItemSelected" type="intarray" alwaysnotify="true" alias="RowList.rowItemSelected" />
        <field id="jumpToRowItem" type="intarray" alias="RowList.jumpToRowItem" />
    </interface>
    <children>
         <!-- Label with title and length of content -->
        <Label
	        id="title"
	        width="1020"
			translation="[20, 190]"
            font="font:MediumBoldSystemFont"
	    />
        <!-- ZoomRowList to be used for auto-scaling -->
        <!-- https://developer.roku.com/docs/references/scenegraph/list-and-grid-nodes/zoomrowlist.md -->
        <ZoomRowList
            id="rowList"
            itemComponentName="Tile"
            translation="[20, 230]"
            showRowCounter="[false]"
            drawFocusFeedback="false"
        />
    </children>
    <script type="text/brightscript" uri="GridScreen.brs" />
</component>
